1,liam,olivia
2,noah,emma
3,oliver,charlotte
4,james,amelia
5,elijah,sophia
6,mateo,mia
7,theodore,isabella
8,henry,ava
9,lucas,evelyn
10,william,luna
11,benjamin,harper
12,levi,sofia
13,sebastian,camila
14,jack,eleanor
15,ezra,elizabeth
16,michael,violet
17,daniel,scarlett
18,leo,emily
19,owen,hazel
20,samuel,lily
21,hudson,gianna
22,alexander,aurora
23,asher,penelope
24,luca,aria
25,ethan,nora
26,john,chloe
27,david,ellie
28,jackson,mila
29,joseph,avery
30,mason,layla
31,luke,abigail
32,matthew,ella
33,julian,isla
34,dylan,eliana
35,elias,nova
36,jacob,madison
37,maverick,zoe
38,gabriel,ivy
39,logan,grace
40,aiden,lucy
41,thomas,willow
42,isaac,emilia
43,miles,riley
44,grayson,naomi
45,santiago,victoria
46,anthony,stella
47,wyatt,elena
48,carter,hannah
49,jayden,valentina
50,ezekiel,maya
51,caleb,zoey
52,cooper,delilah
53,josiah,leah
54,charles,lainey
55,christopher,lillian
56,isaiah,paisley
57,nolan,genesis
58,cameron,madelyn
59,nathan,sadie
60,joshua,sophie
61,kai,leilani
62,waylon,addison
63,angel,natalie
64,lincoln,josephine
65,andrew,alice
66,roman,ruby
67,adrian,claire
68,aaron,kinsley
69,wesley,everly
70,ian,emery
71,thiago,adeline
72,axel,kennedy
73,brooks,maeve
74,bennett,audrey
75,weston,autumn
76,rowan,athena
77,christian,eden
78,theo,iris
79,beau,anna
80,eli,eloise
81,silas,jade
82,jonathan,maria
83,ryan,caroline
84,leonardo,brooklyn
85,walker,quinn
86,jaxon,aaliyah
87,micah,vivian
88,everett,liliana
89,robert,gabriella
90,enzo,hailey
91,parker,sarah
92,jeremiah,savannah
93,jose,cora
94,colton,madeline
95,luka,natalia
96,easton,ariana
97,landon,lydia
98,jordan,lyla
99,amir,clara
100,gael,allison
101,austin,aubrey
102,adam,millie
103,jameson,melody
104,august,ayla
105,xavier,serenity
106,myles,bella
107,dominic,skylar
108,damian,josie
109,nicholas,lucia
110,jace,daisy
111,carson,raelynn
112,atlas,eva
113,adriel,juniper
114,kayden,samantha
115,hunter,elliana
116,river,eliza
117,greyson,rylee
118,emmett,nevaeh
119,harrison,hadley
120,vincent,alaia
121,milo,parker
122,jasper,julia
123,giovanni,amara
124,jonah,rose
125,zion,charlie
126,connor,ashley
127,sawyer,remi
128,arthur,georgia
129,ryder,adalynn
130,archer,melanie
131,lorenzo,amira
132,declan,margaret
133,emiliano,piper
134,luis,brielle
135,diego,mary
136,george,freya
137,evan,cecilia
138,jaxson,esther
139,carlos,arya
140,graham,sienna
141,juan,summer
142,kingston,peyton
143,nathaniel,sage
144,matteo,valerie
145,legend,magnolia
146,malachi,emersyn
147,jason,catalina
148,leon,margot
149,dawson,everleigh
150,bryson,alina
151,amari,sloane
152,calvin,brianna
153,ivan,oakley
154,chase,valeria
155,cole,blakely
156,ashton,kehlani
157,ace,oaklynn
158,arlo,ximena
159,dean,isabelle
160,brayden,juliette
161,jude,emerson
162,hayden,amaya
163,max,elsie
164,matias,isabel
165,rhett,mackenzie
166,jayce,genevieve
167,elliott,anastasia
168,alan,reagan
169,braxton,katherine
170,kaiden,ember
171,zachary,june
172,jesus,bailey
173,emmanuel,andrea
174,adonis,reese
175,charlie,wrenley
176,judah,gemma
177,tyler,ada
178,elliot,alani
179,antonio,callie
180,emilio,kaylee
181,camden,olive
182,stetson,rosalie
183,maxwell,myla
184,ryker,alana
185,justin,ariella
186,kevin,kaia
187,messiah,ruth
188,finn,arianna
189,bentley,sara
190,ayden,jasmine
191,zayden,phoebe
192,felix,adaline
193,nicolas,river
194,miguel,hallie
195,maddox,adalyn
196,beckett,wren
197,tate,presley
198,caden,lilah
199,beckham,alora
200,andres,amy
201,alejandro,norah
202,alex,annie
203,jesse,zuri
204,brody,alexandra
205,tucker,sutton
206,jett,noelle
207,barrett,kylie
208,knox,molly
209,hayes,lia
210,peter,journee
211,timothy,leia
212,joel,evangeline
213,edward,lila
214,griffin,aspen
215,xander,saylor
216,oscar,khloe
217,victor,aitana
218,abraham,alaina
219,brandon,haven
220,abel,aliyah
221,richard,blake
222,callum,kimberly
223,riley,vera
224,patrick,ana
225,karter,kailani
226,malakai,tatum
227,eric,arabella
228,grant,diana
229,israel,selena
230,milan,kiara
231,gavin,harmony
232,rafael,lilith
233,tatum,rowan
234,kairo,delaney
235,elian,vivienne
236,kyrie,zara
237,louis,collins
238,lukas,harlow
239,javier,blair
240,nico,leila
241,avery,daphne
242,rory,faith
243,aziel,lennon
244,ismael,stevie
245,jeremy,mariana
246,zayn,kaylani
247,cohen,morgan
248,simon,juliana
249,marcus,gracie
250,steven,nyla
251,mark,miriam
252,dallas,daniela
253,tristan,dahlia
254,lane,brynlee
255,blake,rachel
256,paul,angela
257,paxton,lilly
258,bryce,kamila
259,nash,samara
260,crew,ryleigh
261,kash,taylor
262,kenneth,dakota
263,omar,lola
264,colt,talia
265,lennox,evie
266,king,jordyn
267,walter,ophelia
268,emerson,camille
269,phoenix,gia
270,jaylen,milani
271,derek,lena
272,muhammad,elaina
273,ellis,malia
274,kaleb,elise
275,preston,celeste
276,jorge,londyn
277,zane,palmer
278,kayson,mabel
279,cade,octavia
280,tobias,sawyer
281,otto,jane
282,kaden,finley
283,remington,marley
284,atticus,adelaide
285,finley,lucille
286,holden,shiloh
287,jax,antonella
288,cash,ariel
289,martin,poppy
290,ronan,kali
291,maximiliano,elianna
292,malcolm,juliet
293,romeo,maisie
294,josue,cataleya
295,francisco,danna
296,bodhi,aubree
297,cyrus,gabriela
298,koa,noa
299,angelo,brooke
300,aidan,celine
301,jensen,alessia
302,erick,hope
303,hendrix,selah
304,warren,vanessa
305,bryan,rory
306,cody,sydney
307,leonel,amari
308,onyx,teagan
309,ali,adriana
310,andre,payton
311,jaziel,rosemary
312,clayton,laila
313,saint,london
314,dante,angelina
315,reid,alayna
316,casey,kendall
317,brian,rebecca
318,gideon,maggie
319,niko,adelyn
320,maximus,evelynn
321,colter,thea
322,kyler,amina
323,brady,tessa
324,zyaire,kayla
325,cristian,esme
326,cayden,mckenna
327,harvey,nicole
328,cruz,regina
329,dakota,luciana
330,damien,julianna
331,manuel,nayeli
332,anderson,catherine
333,cairo,alyssa
334,colin,journey
335,joaquin,dream
336,ezequiel,camilla
337,karson,ariyah
338,callan,nina
339,briggs,joanna
340,khalil,mya
341,wade,annabelle
342,jared,esmeralda
343,fernando,lauren
344,ari,fatima
345,colson,giselle
346,kylian,harley
347,archie,jocelyn
348,banks,phoenix
349,bowen,trinity
350,kade,malani
351,daxton,heidi
352,jaden,meadow
353,rhys,raya
354,sonny,paige
355,zander,jayla
356,eduardo,logan
357,iker,leighton
358,sullivan,charlee
359,bradley,viviana
360,raymond,madilyn
361,odin,raven
362,spencer,amora
363,stephen,navy
364,prince,itzel
365,brantley,laura
366,killian,emory
367,kamari,azalea
368,cesar,hayden
369,dariel,aniyah
370,eithan,winter
371,mathias,aurelia
372,ricardo,alivia
373,orion,brooklynn
374,titus,francesca
375,luciano,serena
376,rylan,lilliana
377,pablo,gracelynn
378,chance,kalani
379,travis,aisha
380,kohen,gwendolyn
381,marco,elaine
382,jay,nylah
383,malik,hattie
384,hector,wynter
385,edwin,adelynn
386,armani,adelina
387,bodie,alessandra
388,shiloh,mylah
389,marshall,alayah
390,remy,anaya
391,russell,julieta
392,baylor,rosie
393,kameron,mariah
394,tyson,demi
395,grady,raelyn
396,oakley,sabrina
397,baker,helen
398,winston,everlee
399,kane,astrid
400,julius,fiona
401,desmond,michelle
402,royal,xiomara
403,sterling,briella
404,mario,alexandria
405,kylo,frances
406,sergio,sunny
407,jake,sarai
408,kashton,alaya
409,shepherd,melissa
410,franklin,veronica
411,ibrahim,mira
412,ares,zariah
413,koda,brynn
414,lawson,reign
415,hugo,maryam
416,kyle,lana
417,kyson,arielle
418,kobe,raegan
419,pedro,remington
420,santino,salem
421,wilder,elisa
422,sage,aylin
423,raiden,emely
424,damon,carolina
425,nasir,sylvie
426,sean,sylvia
427,forrest,annalise
428,kian,willa
429,reed,mallory
430,tanner,kira
431,jalen,daniella
432,apollo,elora
433,zayne,saige
434,nehemiah,carmen
435,edgar,charli
436,johnny,mckenzie
437,clark,matilda
438,eden,miracle
439,gunner,destiny
440,isaias,alicia
441,esteban,elle
442,hank,colette
443,alijah,anya
444,solomon,madeleine
445,wells,oaklee
446,sutton,skye
447,royce,cali
448,callen,daleyza
449,reece,alexis
450,gianni,holly
451,noel,katalina
452,quinn,miley
453,raphael,alanna
454,corbin,felicity
455,erik,joy
456,tripp,helena
457,atreus,makayla
458,francis,amirah
459,kayce,maia
460,callahan,armani
461,devin,alma
462,troy,anahi
463,sylas,ari
464,fabian,bianca
465,zaire,scarlet
466,donovan,amiyah
467,johnathan,dorothy
468,frank,stephanie
469,lewis,fernanda
470,moshe,briana
471,adan,alison
472,alexis,lorelai
473,tadeo,renata
474,ronin,macie
475,marcos,makenna
476,kieran,imani
477,leonidas,jimena
478,bo,kate
479,kendrick,liana
480,ruben,cameron
481,camilo,lyra
482,garrett,maddison
483,matthias,izabella
484,emanuel,amanda
485,jeffrey,lorelei
486,collin,dayana
487,lucian,gracelyn
488,augustus,opal
489,memphis,nadia
490,rowen,brinley
491,yusuf,madelynn
492,finnegan,calliope
493,makai,paris
494,lionel,camryn
495,caiden,danielle
496,rodrigo,cassidy
497,uriel,cecelia
498,lucca,haisley
499,philip,jordan
500,andy,faye